Gender,Height,Weight
Male,64.318061,157.783021
Male,68.602100,191.958900
Male,72.499584,212.970303
Male,64.416035,158.088178
Male,70.047066,179.723488
Male,68.902714,191.835825
Female,58.910732,102.088326
Female,65.230013,141.305823
Female,64.479997,128.171511
Female,63.677868,104.151560
Female,68.101172,166.575661
Female,62.850379,114.969038
